Candidatus_Synechococcus_spongiarum_142_	Synechococcaceae
Candidatus_Synechococcus_spongiarum_15L_	Synechococcaceae
Candidatus_Synechococcus_spongiarum_	Synechococcaceae
Candidatus_Synechococcus_spongiarum_LMB_bulk15M_	Synechococcaceae
Candidatus_Synechococcus_spongiarum_LMB_bulk15N_	Synechococcaceae
Candidatus_Synechococcus_spongiarum_SH4_	Synechococcaceae
Candidatus_Synechococcus_spongiarum_SP3_	Synechococcaceae
Cyanobium_gracile_PCC_6307_PCC_6307__	Prochlorococcaceae
Cyanobium_sp_A1C-AMD_A1C-AMD__	Prochlorococcaceae
Cyanobium_sp_A2C-AMD_A2C-AMD__	Prochlorococcaceae
Cyanobium_sp_Alchichica_3B3-8F6_Alchichica_3B3-8F6__	Prochlorococcaceae
Cyanobium_sp_Aljojuca_7A6_Aljojuca_7A6__	Prochlorococcaceae
Cyanobium_sp_Aljojuca_7D2_Aljojuca_7D2__	Prochlorococcaceae
Cyanobium_sp_AMD-g_	Prochlorococcaceae
Cyanobium_sp_ATX_6A2_ATX_6A2__	Prochlorococcaceae
Cyanobium_sp_ATX_6E8_ATX_6E8__	Prochlorococcaceae
Cyanobium_sp_ATX_6F1_ATX_6F1__	Prochlorococcaceae
Cyanobium_sp_BA20m-14_BA20m-14__	Prochlorococcaceae
Cyanobium_sp_BA20m-p-22_BA20m-p-22__	Prochlorococcaceae
Cyanobium_sp_BA5m-10_BA5m-10__	Prochlorococcaceae
Cyanobium_sp_BA5m-21_BA5m-21__	Prochlorococcaceae
Cyanobium_sp_CACIAM_14_	Prochlorococcaceae
Cyanobium_sp_Candia_9D4_Candia_9D4__	Prochlorococcaceae
Cyanobium_sp_CH-040_CH-040__	Prochlorococcaceae
Cyanobium_sp_Cruz-8D1_Cruz-8D1__	Prochlorococcaceae
Cyanobium_sp_Cruz-8H5_Cruz-8H5__	Prochlorococcaceae
Cyanobium_sp_Cruz_CV11-17_Cruz_CV11-17__	Prochlorococcaceae
Cyanobium_sp_Cruz_CV11-17_	Prochlorococcaceae
Cyanobium_sp_Cruz_CV13-4-11_Cruz_CV13-4-11__	Prochlorococcaceae
Cyanobium_sp_HWJ4-Hawea_HWJ4-Hawea__	Prochlorococcaceae
Cyanobium_sp_L1E-Cus_L1E-Cus__	Prochlorococcaceae
Cyanobium_sp_La_Preciosa_7G6_La_Preciosa_7G6__	Prochlorococcaceae
Cyanobium_sp_Lug-B_	Prochlorococcaceae
Cyanobium_sp_Maggiore-St4-Cus_Maggiore-St4-Cus__	Prochlorococcaceae
Cyanobium_sp_Morenito_9A2_Morenito_9A2__	Prochlorococcaceae
Cyanobium_sp_N5-Cardenillas_N5-Cardenillas__	Prochlorococcaceae
Cyanobium_sp_N_Huapi_1H5_N_Huapi_1H5__	Prochlorococcaceae
Cyanobium_sp_NIES-981_	Prochlorococcaceae
Cyanobium_sp_NS01_NS01__	Prochlorococcaceae
Cyanobium_sp_PCC_7001_PCC_7001__	Prochlorococcaceae
Cyanobium_sp_T1B-Tous_T1B-Tous__	Prochlorococcaceae
Cyanobium_sp_T1G-Tous_T1G-Tous__	Prochlorococcaceae
Cyanobium_sp_Tous-M-B4_Tous-M-B4__	Prochlorococcaceae
Cyanobium_sp_WAJ14-Wanaka_WAJ14-Wanaka__	Prochlorococcaceae
Cyanobium_sp_WKJ7-Wakatipu_WKJ7-Wakatipu__	Prochlorococcaceae
Cyanobium_usitatum_str_Tous_Tous__	Prochlorococcaceae
Parasynechococcus_marenigrum_WH_8102_WH_8102__	Prochlorococcaceae
Prochlorococcus_marinus_str_AS9601_AS9601__	Prochlorococcaceae
Prochlorococcus_marinus_str_MIT_9215_MIT_9215__	Prochlorococcaceae
Prochlorococcus_marinus_str_MIT_9312_MIT_9312__	Prochlorococcaceae
Prochlorococcus_marinus_str_NATL1A_NATL1A__	Prochlorococcaceae
Prochlorococcus_marinus_str_NATL2A_NATL2A__	Prochlorococcaceae
Prochlorococcus_marinus_subsp_pastoris_str_CCMP1986_MED4__	Prochlorococcaceae
Synechococcus_elongatus_PCC_6301_PCC_6301__	Synechococcaceae
Synechococcus_elongatus_PCC_7942_=_FACHB-805_FACHB-805__	Synechococcaceae
Synechococcus_elongatus_UTEX_2973_UTEX_2973__	Synechococcaceae
Synechococcus_lacustris_C3-12m-Tous_C3-12m-Tous__	Synechococcaceae
Synechococcus_lacustris_Cruz_CV12-2_Cruz_CV12-2__	Synechococcaceae
Synechococcus_lacustris_L1E-Slac_L1E-Slac__	Synechococcaceae
Synechococcus_lacustris_L1F-Slac_L1F-Slac__	Synechococcaceae
Synechococcus_lacustris_Maggiore-St4-Slac_Maggiore-St4-Slac__	Synechococcaceae
Synechococcus_lacustris_str_Tous_	Synechococcaceae
Synechococcus_sp_1G10_1G10__	Synechococcaceae
Synechococcus_sp_8F6_8F6__	Synechococcaceae
Synechococcus_sp_A15-127_A15-127__	Synechococcaceae
Synechococcus_sp_A15-24_	Synechococcaceae
Synechococcus_sp_A15-28_	Synechococcaceae
Synechococcus_sp_A15-44_A15-44__	Synechococcaceae
Synechococcus_sp_A15-60_A15-60__	Synechococcaceae
Synechococcus_sp_A15-62_A15-62__	Synechococcaceae
Synechococcus_sp_A18-25c_	Synechococcaceae
Synechococcus_sp_A18-40_	Synechococcaceae
Synechococcus_sp_A18-46_1_	Synechococcaceae
Synechococcus_sp_ATX_2A4_ATX_2A4__	Synechococcaceae
Synechococcus_sp_BIOS-E4-1_	Synechococcaceae
Synechococcus_sp_BIOS-U3-1_	Synechococcaceae
Synechococcus_sp_BL107_BL107__	Synechococcaceae
Synechococcus_sp_BMK-MC-1_	Synechococcaceae
Synechococcus_sp_BO_8801_	Synechococcaceae
Synechococcus_sp_BOUM118_	Synechococcaceae
Synechococcus_sp_BS55D_BS55D__	Synechococcaceae
Synechococcus_sp_BS56D_BS56D__	Synechococcaceae
Synechococcus_sp_BSA11S_BSA11S__	Synechococcaceae
Synechococcus_sp_BSF8S_BSF8S__	Synechococcaceae
Synechococcus_sp_CB0101_CB0101__	Synechococcaceae
Synechococcus_sp_CB0205_CB0205__	Synechococcaceae
Synechococcus_sp_CC9311_CC9311__	Synechococcaceae
Synechococcus_sp_CC9605_CC9605__	Synechococcaceae
Synechococcus_sp_CC9616_CC9616__	Synechococcaceae
Synechococcus_sp_CC9902_CC9902__	Synechococcaceae
Synechococcus_sp_Cruz-7B9_Cruz-7B9__	Synechococcaceae
Synechococcus_sp_Cruz-7E5_Cruz-7E5__	Synechococcaceae
Synechococcus_sp_Cruz-9C9_Cruz-9C9__	Synechococcaceae
Synechococcus_sp_Cruz-9H2_Cruz-9H2__	Synechococcaceae
Synechococcus_sp_Cruz_CV-v-12_Cruz_CV-v-12__	Synechococcaceae
Synechococcus_sp_Cruz_CV12-2-Slac-r_Cruz_CV12-2-Slac-r__	Synechococcaceae
Synechococcus_sp_Edmonson_11F2_Edmonson_11F2__	Synechococcaceae
Synechococcus_sp_EJ6-Ellesmere_EJ6-Ellesmere__	Synechococcaceae
Synechococcus_sp_GFB01_	Synechococcaceae
Synechococcus_sp_GreenBA-s_GreenBA-s__	Synechococcaceae
Synechococcus_sp_HJ21-Hayes_HJ21-Hayes__	Synechococcaceae
Synechococcus_sp_HK01-R_HK01-R__	Synechococcaceae
Synechococcus_sp_J7-Johnson_J7-Johnson__	Synechococcaceae
Synechococcus_sp_JA-3-3Ab_JA-3-3Ab__	Synechococcaceae
Synechococcus_sp_JJ3a-Johnson_JJ3a-Johnson__	Synechococcaceae
Synechococcus_sp_KORDI-100_KORDI_100__	Synechococcaceae
Synechococcus_sp_KORDI-49_KORDI_49__	Synechococcaceae
Synechococcus_sp_KORDI-52_KORDI_52__	Synechococcaceae
Synechococcus_sp_L2F_	Synechococcaceae
Synechococcus_sp_LTW-R_LTW-R__	Synechococcaceae
Synechococcus_sp_Lug-A_	Synechococcaceae
Synechococcus_sp_M16_1_	Synechococcaceae
Synechococcus_sp_MEDNS5_	Synechococcaceae
Synechococcus_sp_Minos11_MINOS11__	Synechococcaceae
Synechococcus_sp_MIT_S9220_MIT_S9220__	Synechococcaceae
Synechococcus_sp_MIT_S9504_	Synechococcaceae
Synechococcus_sp_MIT_S9508_	Synechococcaceae
Synechococcus_sp_MIT_S9509_	Synechococcaceae
Synechococcus_sp_MVIR-18-1_	Synechococcaceae
Synechococcus_sp_MW101C3_MW101C3__	Synechococcaceae
Synechococcus_sp_NKBG042902_NKBG042902__	Synechococcaceae
Synechococcus_sp_NOUM97013_	Synechococcaceae
Synechococcus_sp_OG1_	Synechococcaceae
Synechococcus_sp_PCC_6312_PCC_6312__	Synechococcaceae
Synechococcus_sp_PCC_7002_PCC_7002__	Synechococcaceae
Synechococcus_sp_PCC_7003_PCC_7003__	Synechococcaceae
Synechococcus_sp_PCC_7117_PCC_7117__	Synechococcaceae
Synechococcus_sp_PCC_73109_PCC_73109__	Synechococcaceae
Synechococcus_sp_PCC_7336_PCC_7336__	Synechococcaceae
Synechococcus_sp_PCC_7502_PCC_7502__	Synechococcaceae
Synechococcus_sp_PCC_8807_PCC_8807__	Synechococcaceae
Synechococcus_sp_PROS-7-1_	Synechococcaceae
Synechococcus_sp_PROS-9-1_	Synechococcaceae
Synechococcus_sp_PROS-U-1_	Synechococcaceae
Synechococcus_sp_RCC307_	Synechococcaceae
Synechococcus_sp_RedBA-s_RedBA-s__	Synechococcaceae
Synechococcus_sp_REDSEA-S01_B1_	Synechococcaceae
Synechococcus_sp_REDSEA-S02_B4_	Synechococcaceae
Synechococcus_sp_ROS8604_	Synechococcaceae
Synechococcus_sp_RS9902_RS9902__	Synechococcaceae
Synechococcus_sp_RS9907_RS9907__	Synechococcaceae
Synechococcus_sp_RS9909_RS9909__	Synechococcaceae
Synechococcus_sp_RS9915_	Synechococcaceae
Synechococcus_sp_RS9916_RS9916__	Synechococcaceae
Synechococcus_sp_RS9917_RS9917_RCC556_	Synechococcaceae
Synechococcus_sp_SYN20_SYN20__	Synechococcaceae
Synechococcus_sp_SynAce01_	Synechococcaceae
Synechococcus_sp_TAK9802_	Synechococcaceae
Synechococcus_sp_Tobar12-5m-g_Tobar12-5m-g__	Synechococcaceae
Synechococcus_sp_WH_5701_WH_5701__	Synechococcaceae
Synechococcus_sp_WH_7803_	Synechococcaceae
Synechococcus_sp_WH_7805_WH_7805__	Synechococcaceae
Synechococcus_sp_WH_8016_WH_8016__	Synechococcaceae
Synechococcus_sp_WH_8101_WH_8101__	Synechococcaceae
Synechococcus_sp_WH_8103_	Synechococcaceae
Vulcanococcus_limneticus_Candia_3B3_Candia_3B3__	Synechococcaceae
Vulcanococcus_limneticus_Candia_3F8_Candia_3F8__	Synechococcaceae
Vulcanococcus_limneticus_LL_LL__	Synechococcaceae
Vulcanococcus_limneticus_MW73D5_MW73D5__	Synechococcaceae
